id,name,category,enabled,visual,physics,combat,effects,audio
fireball_basic,基礎火球,magic_ball,TRUE,"{""spriteKey"":""fireball"",""atlasKey"":"""",""frameKey"":"""",""scale"":1.0,""width"":32,""height"":32,""animation"":{""key"":""fireball_spin"",""frameRate"":12,""repeat"":-1},""rotateWithDirection"":false,""rotationOffset"":0,""tint"":16711680,""alpha"":1.0,""glowEffect"":{""color"":16711680,""intensity"":0.5}}","{""speed"":300,""acceleration"":0,""maxSpeed"":300,""trajectory"":""straight"",""trajectoryParams"":{},""maxDistance"":500,""penetration"":1}","{""baseDamage"":50,""damageType"":""fire"",""areaOfEffect"":{""radius"":64,""damage"":30,""falloff"":true},""statusEffects"":[{""type"":""burn"",""chance"":75,""duration"":3,""value"":5}],""specialEffects"":[]}","{""launchEffect"":{""particle"":""fire_spark"",""duration"":0.3,""followProjectile"":false},""trailEffect"":{""particle"":""fire_trail"",""width"":8,""fadeTime"":0.5},""hitEffect"":{""particle"":""fire_explosion"",""scale"":1.5,""duration"":0.8},""explosionEffect"":{""particle"":""fire_burst"",""scale"":2.0,""duration"":1.0,""shakeScreen"":true}}","{""launchSound"":""fireball_cast"",""flightSound"":""fire_whoosh"",""hitSound"":""fire_impact"",""explosionSound"":""fire_explode"",""volume"":0.8,""pitchVariation"":0.2}"
fireball_large,大型火球,magic_ball,TRUE,"{""spriteKey"":""fireball_large"",""atlasKey"":"""",""frameKey"":"""",""scale"":1.5,""width"":48,""height"":48,""animation"":{""key"":""fireball_large_spin"",""frameRate"":10,""repeat"":-1},""rotateWithDirection"":false,""rotationOffset"":0,""tint"":16716800,""alpha"":1.0,""glowEffect"":{""color"":16716800,""intensity"":0.8}}","{""speed"":250,""acceleration"":0,""maxSpeed"":250,""trajectory"":""straight"",""trajectoryParams"":{},""maxDistance"":600,""penetration"":2}","{""baseDamage"":80,""damageType"":""fire"",""areaOfEffect"":{""radius"":96,""damage"":50,""falloff"":true},""statusEffects"":[{""type"":""burn"",""chance"":90,""duration"":5,""value"":8}],""specialEffects"":[]}","{""launchEffect"":{""particle"":""fire_spark_large"",""duration"":0.5,""followProjectile"":false},""trailEffect"":{""particle"":""fire_trail_large"",""width"":12,""fadeTime"":0.8},""hitEffect"":{""particle"":""fire_explosion_large"",""scale"":2.0,""duration"":1.2},""explosionEffect"":{""particle"":""fire_burst_large"",""scale"":3.0,""duration"":1.5,""shakeScreen"":true}}","{""launchSound"":""fireball_cast_large"",""flightSound"":""fire_whoosh_large"",""hitSound"":""fire_impact_large"",""explosionSound"":""fire_explode_large"",""volume"":1.0,""pitchVariation"":0.1}"
iceball_basic,基礎冰球,magic_ball,TRUE,"{""spriteKey"":""iceball"",""atlasKey"":"""",""frameKey"":"""",""scale"":1.0,""width"":32,""height"":32,""animation"":{""key"":""iceball_spin"",""frameRate"":8,""repeat"":-1},""rotateWithDirection"":false,""rotationOffset"":0,""tint"":65535,""alpha"":0.9,""glowEffect"":{""color"":65535,""intensity"":0.6}}","{""speed"":280,""acceleration"":0,""maxSpeed"":280,""trajectory"":""straight"",""trajectoryParams"":{},""maxDistance"":450,""penetration"":1}","{""baseDamage"":45,""damageType"":""ice"",""areaOfEffect"":{""radius"":48,""damage"":25,""falloff"":false},""statusEffects"":[{""type"":""freeze"",""chance"":60,""duration"":2,""value"":0},{""type"":""slow"",""chance"":80,""duration"":4,""value"":50}],""specialEffects"":[]}","{""launchEffect"":{""particle"":""ice_crystal"",""duration"":0.2,""followProjectile"":false},""trailEffect"":{""particle"":""ice_trail"",""width"":6,""fadeTime"":0.8},""hitEffect"":{""particle"":""ice_shatter"",""scale"":1.2,""duration"":0.6},""explosionEffect"":{""particle"":""ice_burst"",""scale"":1.8,""duration"":1.2,""shakeScreen"":false}}","{""launchSound"":""ice_cast"",""flightSound"":""ice_whoosh"",""hitSound"":""ice_impact"",""explosionSound"":""ice_shatter_sound"",""volume"":0.7,""pitchVariation"":0.3}"
poison_ball,毒球,magic_ball,TRUE,"{""spriteKey"":""poisonball"",""atlasKey"":"""",""frameKey"":"""",""scale"":1.0,""width"":28,""height"":28,""animation"":{""key"":""poison_bubble"",""frameRate"":15,""repeat"":-1},""rotateWithDirection"":false,""rotationOffset"":0,""tint"":32768,""alpha"":0.8,""glowEffect"":{""color"":32768,""intensity"":0.4}}","{""speed"":200,""acceleration"":50,""maxSpeed"":350,""trajectory"":""arc"",""trajectoryParams"":{""gravity"":200},""maxDistance"":400,""penetration"":1}","{""baseDamage"":35,""damageType"":""poison"",""areaOfEffect"":{""radius"":80,""damage"":20,""falloff"":true},""statusEffects"":[{""type"":""poison"",""chance"":95,""duration"":8,""value"":3}],""specialEffects"":[]}","{""launchEffect"":{""particle"":""poison_smoke"",""duration"":0.4,""followProjectile"":true},""trailEffect"":{""particle"":""poison_drip"",""width"":4,""fadeTime"":1.0},""hitEffect"":{""particle"":""poison_splash"",""scale"":1.0,""duration"":0.5},""explosionEffect"":{""particle"":""poison_cloud"",""scale"":2.5,""duration"":2.0,""shakeScreen"":false}}","{""launchSound"":""poison_cast"",""flightSound"":""poison_bubble"",""hitSound"":""poison_splash"",""explosionSound"":""poison_pop"",""volume"":0.6,""pitchVariation"":0.4}"
throwing_knife,飛刀,weapon,TRUE,"{""spriteKey"":""knife"",""atlasKey"":"""",""frameKey"":"""",""scale"":1.0,""width"":24,""height"":8,""animation"":{""key"":"""",""frameRate"":0,""repeat"":0},""rotateWithDirection"":true,""rotationOffset"":0,""tint"":0,""alpha"":1.0,""glowEffect"":{}}","{""speed"":400,""acceleration"":0,""maxSpeed"":400,""trajectory"":""straight"",""trajectoryParams"":{},""maxDistance"":350,""penetration"":3}","{""baseDamage"":40,""damageType"":""physical"",""areaOfEffect"":{},""statusEffects"":[],""specialEffects"":[]}","{""launchEffect"":{},""trailEffect"":{""particle"":""metal_spark"",""width"":2,""fadeTime"":0.3},""hitEffect"":{""particle"":""blood_splatter"",""scale"":0.8,""duration"":0.4},""explosionEffect"":{}}","{""launchSound"":""knife_throw"",""flightSound"":""knife_spin"",""hitSound"":""knife_hit"",""explosionSound"":"""",""volume"":0.5,""pitchVariation"":0.2}"
arrow_basic,基礎箭矢,weapon,TRUE,"{""spriteKey"":""arrow"",""atlasKey"":"""",""frameKey"":"""",""scale"":1.0,""width"":32,""height"":4,""animation"":{""key"":"""",""frameRate"":0,""repeat"":0},""rotateWithDirection"":true,""rotationOffset"":0,""tint"":0,""alpha"":1.0,""glowEffect"":{}}","{""speed"":500,""acceleration"":0,""maxSpeed"":500,""trajectory"":""straight"",""trajectoryParams"":{},""maxDistance"":800,""penetration"":1}","{""baseDamage"":55,""damageType"":""physical"",""areaOfEffect"":{},""statusEffects"":[],""specialEffects"":[]}","{""launchEffect"":{},""trailEffect"":{},""hitEffect"":{""particle"":""wood_splinter"",""scale"":0.6,""duration"":0.3},""explosionEffect"":{}}","{""launchSound"":""bow_shot"",""flightSound"":""arrow_flight"",""hitSound"":""arrow_hit"",""explosionSound"":"""",""volume"":0.6,""pitchVariation"":0.15}"
lightning_bolt,閃電,energy,TRUE,"{""spriteKey"":""lightning"",""atlasKey"":"""",""frameKey"":"""",""scale"":1.2,""width"":16,""height"":64,""animation"":{""key"":""lightning_flicker"",""frameRate"":20,""repeat"":-1},""rotateWithDirection"":true,""rotationOffset"":1.57,""tint"":16776960,""alpha"":0.9,""glowEffect"":{""color"":16776960,""intensity"":1.0}}","{""speed"":800,""acceleration"":0,""maxSpeed"":800,""trajectory"":""straight"",""trajectoryParams"":{},""maxDistance"":600,""penetration"":5}","{""baseDamage"":60,""damageType"":""lightning"",""areaOfEffect"":{},""statusEffects"":[{""type"":""stun"",""chance"":40,""duration"":1,""value"":0}],""specialEffects"":[""chain_lightning""]}","{""launchEffect"":{""particle"":""electric_charge"",""duration"":0.1,""followProjectile"":false},""trailEffect"":{""particle"":""electric_trail"",""width"":8,""fadeTime"":0.2},""hitEffect"":{""particle"":""electric_spark"",""scale"":1.0,""duration"":0.3},""explosionEffect"":{}}","{""launchSound"":""lightning_cast"",""flightSound"":""electric_crackle"",""hitSound"":""electric_zap"",""explosionSound"":"""",""volume"":0.9,""pitchVariation"":0.3}"
homing_missile,追蹤飛彈,energy,TRUE,"{""spriteKey"":""missile"",""atlasKey"":"""",""frameKey"":"""",""scale"":1.0,""width"":20,""height"":40,""animation"":{""key"":""missile_thrust"",""frameRate"":16,""repeat"":-1},""rotateWithDirection"":true,""rotationOffset"":1.57,""tint"":0,""alpha"":1.0,""glowEffect"":{""color"":16711680,""intensity"":0.3}}","{""speed"":150,""acceleration"":100,""maxSpeed"":400,""trajectory"":""homing"",""trajectoryParams"":{""homing"":{""turnSpeed"":3.0,""detectionRange"":200}},""maxDistance"":700,""penetration"":1}","{""baseDamage"":70,""damageType"":""physical"",""areaOfEffect"":{""radius"":80,""damage"":40,""falloff"":true},""statusEffects"":[],""specialEffects"":[]}","{""launchEffect"":{""particle"":""missile_smoke"",""duration"":0.2,""followProjectile"":true},""trailEffect"":{""particle"":""missile_trail"",""width"":6,""fadeTime"":0.6},""hitEffect"":{""particle"":""explosion_small"",""scale"":1.5,""duration"":0.8},""explosionEffect"":{""particle"":""explosion_large"",""scale"":2.0,""duration"":1.0,""shakeScreen"":true}}","{""launchSound"":""missile_launch"",""flightSound"":""missile_engine"",""hitSound"":""explosion_impact"",""explosionSound"":""explosion_boom"",""volume"":0.8,""pitchVariation"":0.1}"
healing_orb,治療球,special,TRUE,"{""spriteKey"":""heal_orb"",""atlasKey"":"""",""frameKey"":"""",""scale"":1.0,""width"":24,""height"":24,""animation"":{""key"":""heal_pulse"",""frameRate"":6,""repeat"":-1},""rotateWithDirection"":false,""rotationOffset"":0,""tint"":65280,""alpha"":0.8,""glowEffect"":{""color"":65280,""intensity"":0.7}}","{""speed"":250,""acceleration"":0,""maxSpeed"":250,""trajectory"":""arc"",""trajectoryParams"":{""gravity"":-100},""maxDistance"":300,""penetration"":1}","{""baseDamage"":-30,""damageType"":""healing"",""areaOfEffect"":{""radius"":60,""damage"":-20,""falloff"":false},""statusEffects"":[],""specialEffects"":[]}","{""launchEffect"":{""particle"":""heal_sparkle"",""duration"":0.3,""followProjectile"":false},""trailEffect"":{""particle"":""heal_trail"",""width"":8,""fadeTime"":1.0},""hitEffect"":{""particle"":""heal_burst"",""scale"":1.5,""duration"":1.0},""explosionEffect"":{}}","{""launchSound"":""heal_cast"",""flightSound"":""heal_hum"",""hitSound"":""heal_impact"",""explosionSound"":"""",""volume"":0.4,""pitchVariation"":0.1}"
